Rk,Player,Age,Tm,Lg,Season
1,Bam Adebayo\adebaba01,22,MIA,NBA,2019-20
2,Giannis Antetokounmpo\antetgi01,25,MIL,NBA,2019-20
3,Devin Booker\bookede01,23,PHO,NBA,2019-20
4,Jimmy Butler\butleji01,30,MIA,NBA,2019-20
5,Anthony Davis\davisan02,26,LAL,NBA,2019-20
6,Luka Dončić\doncilu01,20,DAL,NBA,2019-20
7,Joel Embiid\embiijo01,25,PHI,NBA,2019-20
8,Rudy Gobert\goberru01,27,UTA,NBA,2019-20
9,James Harden\hardeja01,30,HOU,NBA,2019-20
10,Brandon Ingram\ingrabr01,22,NOP,NBA,2019-20
11,LeBron James\jamesle01,35,LAL,NBA,2019-20
12,Nikola Jokić\jokicni01,24,DEN,NBA,2019-20
13,Kawhi Leonard\leonaka01,28,LAC,NBA,2019-20
14,Damian Lillard\lillada01,29,POR,NBA,2019-20
15,Kyle Lowry\lowryky01,33,TOR,NBA,2019-20
16,Khris Middleton\middlkh01,28,MIL,NBA,2019-20
17,Donovan Mitchell\mitchdo01,23,UTA,NBA,2019-20
18,Chris Paul\paulch01,34,OKC,NBA,2019-20
19,Domantas Sabonis\sabondo01,23,IND,NBA,2019-20
20,Pascal Siakam\siakapa01,25,TOR,NBA,2019-20
21,Ben Simmons\simmobe01,23,PHI,NBA,2019-20
22,Jayson Tatum\tatumja01,21,BOS,NBA,2019-20
23,Kemba Walker\walkeke02,29,BOS,NBA,2019-20
24,Russell Westbrook\westbru01,31,HOU,NBA,2019-20
25,Trae Young\youngtr01,21,ATL,NBA,2019-20
26,LaMarcus Aldridge\aldrila01,33,SAS,NBA,2018-19
27,Giannis Antetokounmpo\antetgi01,24,MIL,NBA,2018-19
28,Bradley Beal\bealbr01,25,WAS,NBA,2018-19
29,Stephen Curry\curryst01,30,GSW,NBA,2018-19
30,Anthony Davis\davisan02,25,NOP,NBA,2018-19
31,Kevin Durant\duranke01,30,GSW,NBA,2018-19
32,Joel Embiid\embiijo01,24,PHI,NBA,2018-19
33,Paul George\georgpa01,28,OKC,NBA,2018-19
34,Blake Griffin\griffbl01,29,DET,NBA,2018-19
35,James Harden\hardeja01,29,HOU,NBA,2018-19
36,Kyrie Irving\irvinky01,26,BOS,NBA,2018-19
37,LeBron James\jamesle01,34,LAL,NBA,2018-19
38,Nikola Jokić\jokicni01,23,DEN,NBA,2018-19
39,Kawhi Leonard\leonaka01,27,TOR,NBA,2018-19
40,Damian Lillard\lillada01,28,POR,NBA,2018-19
41,Kyle Lowry\lowryky01,32,TOR,NBA,2018-19
42,Khris Middleton\middlkh01,27,MIL,NBA,2018-19
43,Dirk Nowitzki\nowitdi01,40,DAL,NBA,2018-19
44,Victor Oladipo\oladivi01,26,IND,NBA,2018-19
45,D'Angelo Russell\russeda01,22,BRK,NBA,2018-19
46,Ben Simmons\simmobe01,22,PHI,NBA,2018-19
47,Klay Thompson\thompkl01,28,GSW,NBA,2018-19
48,Karl-Anthony Towns\townska01,23,MIN,NBA,2018-19
49,Nikola Vučević\vucevni01,28,ORL,NBA,2018-19
50,Dwyane Wade\wadedw01,37,MIA,NBA,2018-19
51,Kemba Walker\walkeke02,28,CHO,NBA,2018-19
52,Russell Westbrook\westbru01,30,OKC,NBA,2018-19
53,LaMarcus Aldridge\aldrila01,32,SAS,NBA,2017-18
54,Giannis Antetokounmpo\antetgi01,23,MIL,NBA,2017-18
55,Bradley Beal\bealbr01,24,WAS,NBA,2017-18
56,Jimmy Butler\butleji01,28,MIN,NBA,2017-18
57,DeMarcus Cousins\couside01,27,NOP,NBA,2017-18
58,Stephen Curry\curryst01,29,GSW,NBA,2017-18
59,Anthony Davis\davisan02,24,NOP,NBA,2017-18
60,DeMar DeRozan\derozde01,28,TOR,NBA,2017-18
61,Goran Dragić\dragigo01,31,MIA,NBA,2017-18
62,Andre Drummond\drumman01,24,DET,NBA,2017-18
63,Kevin Durant\duranke01,29,GSW,NBA,2017-18
64,Joel Embiid\embiijo01,23,PHI,NBA,2017-18
65,Paul George\georgpa01,27,OKC,NBA,2017-18
66,Draymond Green\greendr01,27,GSW,NBA,2017-18
67,James Harden\hardeja01,28,HOU,NBA,2017-18
68,Al Horford\horfoal01,31,BOS,NBA,2017-18
69,Kyrie Irving\irvinky01,25,BOS,NBA,2017-18
70,LeBron James\jamesle01,33,CLE,NBA,2017-18
71,Damian Lillard\lillada01,27,POR,NBA,2017-18
72,Kevin Love\loveke01,29,CLE,NBA,2017-18
73,Kyle Lowry\lowryky01,31,TOR,NBA,2017-18
74,Victor Oladipo\oladivi01,25,IND,NBA,2017-18
75,Kristaps Porziņģis\porzikr01,22,NYK,NBA,2017-18
76,Klay Thompson\thompkl01,27,GSW,NBA,2017-18
77,Karl-Anthony Towns\townska01,22,MIN,NBA,2017-18
78,Kemba Walker\walkeke02,27,CHO,NBA,2017-18
79,John Wall\walljo01,27,WAS,NBA,2017-18
80,Russell Westbrook\westbru01,29,OKC,NBA,2017-18
81,Giannis Antetokounmpo\antetgi01,22,MIL,NBA,2016-17
82,Carmelo Anthony\anthoca01,32,NYK,NBA,2016-17
83,Jimmy Butler\butleji01,27,CHI,NBA,2016-17
84,DeMarcus Cousins\couside01,26,TOT,NBA,2016-17
85,Stephen Curry\curryst01,28,GSW,NBA,2016-17
86,Anthony Davis\davisan02,23,NOP,NBA,2016-17
87,DeMar DeRozan\derozde01,27,TOR,NBA,2016-17
88,Kevin Durant\duranke01,28,GSW,NBA,2016-17
89,Marc Gasol\gasolma01,32,MEM,NBA,2016-17
90,Paul George\georgpa01,26,IND,NBA,2016-17
91,Draymond Green\greendr01,26,GSW,NBA,2016-17
92,James Harden\hardeja01,27,HOU,NBA,2016-17
93,Gordon Hayward\haywago01,26,UTA,NBA,2016-17
94,Kyrie Irving\irvinky01,24,CLE,NBA,2016-17
95,LeBron James\jamesle01,32,CLE,NBA,2016-17
96,DeAndre Jordan\jordade01,28,LAC,NBA,2016-17
97,Kawhi Leonard\leonaka01,25,SAS,NBA,2016-17
98,Kevin Love\loveke01,28,CLE,NBA,2016-17
99,Kyle Lowry\lowryky01,30,TOR,NBA,2016-17
100,Paul Millsap\millspa01,31,ATL,NBA,2016-17
101,Isaiah Thomas\thomais02,27,BOS,NBA,2016-17
102,Klay Thompson\thompkl01,26,GSW,NBA,2016-17
103,Kemba Walker\walkeke02,26,CHO,NBA,2016-17
104,John Wall\walljo01,26,WAS,NBA,2016-17
105,Russell Westbrook\westbru01,28,OKC,NBA,2016-17
106,LaMarcus Aldridge\aldrila01,30,SAS,NBA,2015-16
107,Carmelo Anthony\anthoca01,31,NYK,NBA,2015-16
108,Chris Bosh\boshch01,31,MIA,NBA,2015-16
109,Kobe Bryant\bryanko01,37,LAL,NBA,2015-16
110,Jimmy Butler\butleji01,26,CHI,NBA,2015-16
111,DeMarcus Cousins\couside01,25,SAC,NBA,2015-16
112,Stephen Curry\curryst01,27,GSW,NBA,2015-16
113,Anthony Davis\davisan02,22,NOP,NBA,2015-16
114,DeMar DeRozan\derozde01,26,TOR,NBA,2015-16
115,Andre Drummond\drumman01,22,DET,NBA,2015-16
116,Kevin Durant\duranke01,27,OKC,NBA,2015-16
117,Pau Gasol\gasolpa01,35,CHI,NBA,2015-16
118,Paul George\georgpa01,25,IND,NBA,2015-16
119,Draymond Green\greendr01,25,GSW,NBA,2015-16
120,James Harden\hardeja01,26,HOU,NBA,2015-16
121,Al Horford\horfoal01,29,ATL,NBA,2015-16
122,LeBron James\jamesle01,31,CLE,NBA,2015-16
123,Kawhi Leonard\leonaka01,24,SAS,NBA,2015-16
124,Kyle Lowry\lowryky01,29,TOR,NBA,2015-16
125,Paul Millsap\millspa01,30,ATL,NBA,2015-16
126,Chris Paul\paulch01,30,LAC,NBA,2015-16
127,Isaiah Thomas\thomais02,26,BOS,NBA,2015-16
128,Klay Thompson\thompkl01,25,GSW,NBA,2015-16
129,Dwyane Wade\wadedw01,34,MIA,NBA,2015-16
130,John Wall\walljo01,25,WAS,NBA,2015-16
131,Russell Westbrook\westbru01,27,OKC,NBA,2015-16
132,LaMarcus Aldridge\aldrila01,29,POR,NBA,2014-15
133,Carmelo Anthony\anthoca01,30,NYK,NBA,2014-15
134,Chris Bosh\boshch01,30,MIA,NBA,2014-15
135,Kobe Bryant\bryanko01,36,LAL,NBA,2014-15
136,Jimmy Butler\butleji01,25,CHI,NBA,2014-15
137,DeMarcus Cousins\couside01,24,SAC,NBA,2014-15
138,Stephen Curry\curryst01,26,GSW,NBA,2014-15
139,Anthony Davis\davisan02,21,NOP,NBA,2014-15
140,Tim Duncan\duncati01,38,SAS,NBA,2014-15
141,Kevin Durant\duranke01,26,OKC,NBA,2014-15
142,Marc Gasol\gasolma01,30,MEM,NBA,2014-15
143,Pau Gasol\gasolpa01,34,CHI,NBA,2014-15
144,Blake Griffin\griffbl01,25,LAC,NBA,2014-15
145,James Harden\hardeja01,25,HOU,NBA,2014-15
146,Al Horford\horfoal01,28,ATL,NBA,2014-15
147,Kyrie Irving\irvinky01,22,CLE,NBA,2014-15
148,LeBron James\jamesle01,30,CLE,NBA,2014-15
149,Kyle Korver\korveky01,33,ATL,NBA,2014-15
150,Damian Lillard\lillada01,24,POR,NBA,2014-15
151,Kyle Lowry\lowryky01,28,TOR,NBA,2014-15
152,Paul Millsap\millspa01,29,ATL,NBA,2014-15
153,Dirk Nowitzki\nowitdi01,36,DAL,NBA,2014-15
154,Chris Paul\paulch01,29,LAC,NBA,2014-15
155,Jeff Teague\teaguje01,26,ATL,NBA,2014-15
156,Klay Thompson\thompkl01,24,GSW,NBA,2014-15
157,Dwyane Wade\wadedw01,33,MIA,NBA,2014-15
158,John Wall\walljo01,24,WAS,NBA,2014-15
159,Russell Westbrook\westbru01,26,OKC,NBA,2014-15
160,LaMarcus Aldridge\aldrila01,28,POR,NBA,2013-14
161,Carmelo Anthony\anthoca01,29,NYK,NBA,2013-14
162,Chris Bosh\boshch01,29,MIA,NBA,2013-14
163,Kobe Bryant\bryanko01,35,LAL,NBA,2013-14
164,Stephen Curry\curryst01,25,GSW,NBA,2013-14
165,Anthony Davis\davisan02,20,NOP,NBA,2013-14
166,DeMar DeRozan\derozde01,24,TOR,NBA,2013-14
167,Kevin Durant\duranke01,25,OKC,NBA,2013-14
168,Paul George\georgpa01,23,IND,NBA,2013-14
169,Blake Griffin\griffbl01,24,LAC,NBA,2013-14
170,James Harden\hardeja01,24,HOU,NBA,2013-14
171,Roy Hibbert\hibbero01,27,IND,NBA,2013-14
172,Dwight Howard\howardw01,28,HOU,NBA,2013-14
173,Kyrie Irving\irvinky01,21,CLE,NBA,2013-14
174,LeBron James\jamesle01,29,MIA,NBA,2013-14
175,Joe Johnson\johnsjo02,32,BRK,NBA,2013-14
176,Damian Lillard\lillada01,23,POR,NBA,2013-14
177,Kevin Love\loveke01,25,MIN,NBA,2013-14
178,Paul Millsap\millspa01,28,ATL,NBA,2013-14
179,Joakim Noah\noahjo01,28,CHI,NBA,2013-14
180,Dirk Nowitzki\nowitdi01,35,DAL,NBA,2013-14
181,Tony Parker\parketo01,31,SAS,NBA,2013-14
182,Chris Paul\paulch01,28,LAC,NBA,2013-14
183,Dwyane Wade\wadedw01,32,MIA,NBA,2013-14
184,John Wall\walljo01,23,WAS,NBA,2013-14
185,LaMarcus Aldridge\aldrila01,27,POR,NBA,2012-13
186,Carmelo Anthony\anthoca01,28,NYK,NBA,2012-13
187,Chris Bosh\boshch01,28,MIA,NBA,2012-13
188,Kobe Bryant\bryanko01,34,LAL,NBA,2012-13
189,Tyson Chandler\chandty01,30,NYK,NBA,2012-13
190,Luol Deng\denglu01,27,CHI,NBA,2012-13
191,Tim Duncan\duncati01,36,SAS,NBA,2012-13
192,Kevin Durant\duranke01,24,OKC,NBA,2012-13
193,Kevin Garnett\garneke01,36,BOS,NBA,2012-13
194,Paul George\georgpa01,22,IND,NBA,2012-13
195,Blake Griffin\griffbl01,23,LAC,NBA,2012-13
196,James Harden\hardeja01,23,HOU,NBA,2012-13
197,Jrue Holiday\holidjr01,22,PHI,NBA,2012-13
198,Dwight Howard\howardw01,27,LAL,NBA,2012-13
199,Kyrie Irving\irvinky01,20,CLE,NBA,2012-13
200,LeBron James\jamesle01,28,MIA,NBA,2012-13
201,David Lee\leeda02,29,GSW,NBA,2012-13
202,Brook Lopez\lopezbr01,24,BRK,NBA,2012-13
203,Joakim Noah\noahjo01,27,CHI,NBA,2012-13
204,Tony Parker\parketo01,30,SAS,NBA,2012-13
205,Chris Paul\paulch01,27,LAC,NBA,2012-13
206,Zach Randolph\randoza01,31,MEM,NBA,2012-13
207,Rajon Rondo\rondora01,26,BOS,NBA,2012-13
208,Dwyane Wade\wadedw01,31,MIA,NBA,2012-13
209,Russell Westbrook\westbru01,24,OKC,NBA,2012-13
210,LaMarcus Aldridge\aldrila01,26,POR,NBA,2011-12
211,Carmelo Anthony\anthoca01,27,NYK,NBA,2011-12
212,Chris Bosh\boshch01,27,MIA,NBA,2011-12
213,Kobe Bryant\bryanko01,33,LAL,NBA,2011-12
214,Andrew Bynum\bynuman01,24,LAL,NBA,2011-12
215,Luol Deng\denglu01,26,CHI,NBA,2011-12
216,Kevin Durant\duranke01,23,OKC,NBA,2011-12
217,Marc Gasol\gasolma01,27,MEM,NBA,2011-12
218,Blake Griffin\griffbl01,22,LAC,NBA,2011-12
219,Roy Hibbert\hibbero01,25,IND,NBA,2011-12
220,Dwight Howard\howardw01,26,ORL,NBA,2011-12
221,Andre Iguodala\iguodan01,28,PHI,NBA,2011-12
222,LeBron James\jamesle01,27,MIA,NBA,2011-12
223,Joe Johnson\johnsjo02,30,ATL,NBA,2011-12
224,Kevin Love\loveke01,23,MIN,NBA,2011-12
225,Steve Nash\nashst01,37,PHO,NBA,2011-12
226,Dirk Nowitzki\nowitdi01,33,DAL,NBA,2011-12
227,Tony Parker\parketo01,29,SAS,NBA,2011-12
228,Chris Paul\paulch01,26,LAC,NBA,2011-12
229,Paul Pierce\piercpa01,34,BOS,NBA,2011-12
230,Rajon Rondo\rondora01,25,BOS,NBA,2011-12
231,Derrick Rose\rosede01,23,CHI,NBA,2011-12
232,Dwyane Wade\wadedw01,30,MIA,NBA,2011-12
233,Russell Westbrook\westbru01,23,OKC,NBA,2011-12
234,Deron Williams\willide01,27,NJN,NBA,2011-12
235,Ray Allen\allenra02,35,BOS,NBA,2010-11
236,Carmelo Anthony\anthoca01,26,TOT,NBA,2010-11
237,Chris Bosh\boshch01,26,MIA,NBA,2010-11
238,Kobe Bryant\bryanko01,32,LAL,NBA,2010-11
239,Tim Duncan\duncati01,34,SAS,NBA,2010-11
240,Kevin Durant\duranke01,22,OKC,NBA,2010-11
241,Kevin Garnett\garneke01,34,BOS,NBA,2010-11
242,Pau Gasol\gasolpa01,30,LAL,NBA,2010-11
243,Manu Ginóbili\ginobma01,33,SAS,NBA,2010-11
244,Blake Griffin\griffbl01,21,LAC,NBA,2010-11
245,Al Horford\horfoal01,24,ATL,NBA,2010-11
246,Dwight Howard\howardw01,25,ORL,NBA,2010-11
247,LeBron James\jamesle01,26,MIA,NBA,2010-11
248,Joe Johnson\johnsjo02,29,ATL,NBA,2010-11
249,Kevin Love\loveke01,22,MIN,NBA,2010-11
250,Yao Ming\mingya01,30,HOU,NBA,2010-11
251,Dirk Nowitzki\nowitdi01,32,DAL,NBA,2010-11
252,Chris Paul\paulch01,25,NOH,NBA,2010-11
253,Paul Pierce\piercpa01,33,BOS,NBA,2010-11
254,Rajon Rondo\rondora01,24,BOS,NBA,2010-11
255,Derrick Rose\rosede01,22,CHI,NBA,2010-11
256,Amar'e Stoudemire\stoudam01,28,NYK,NBA,2010-11
257,Dwyane Wade\wadedw01,29,MIA,NBA,2010-11
258,Russell Westbrook\westbru01,22,OKC,NBA,2010-11
259,Deron Williams\willide01,26,TOT,NBA,2010-11
260,Carmelo Anthony\anthoca01,25,DEN,NBA,2009-10
261,Chauncey Billups\billuch01,33,DEN,NBA,2009-10
262,Chris Bosh\boshch01,25,TOR,NBA,2009-10
263,Kobe Bryant\bryanko01,31,LAL,NBA,2009-10
264,Tim Duncan\duncati01,33,SAS,NBA,2009-10
265,Kevin Durant\duranke01,21,OKC,NBA,2009-10
266,Kevin Garnett\garneke01,33,BOS,NBA,2009-10
267,Pau Gasol\gasolpa01,29,LAL,NBA,2009-10
268,Al Horford\horfoal01,23,ATL,NBA,2009-10
269,Dwight Howard\howardw01,24,ORL,NBA,2009-10
270,Allen Iverson\iversal01,34,TOT,NBA,2009-10
271,LeBron James\jamesle01,25,CLE,NBA,2009-10
272,Joe Johnson\johnsjo02,28,ATL,NBA,2009-10
273,Chris Kaman\kamanch01,27,LAC,NBA,2009-10
274,Jason Kidd\kiddja01,36,DAL,NBA,2009-10
275,David Lee\leeda02,26,NYK,NBA,2009-10
276,Steve Nash\nashst01,35,PHO,NBA,2009-10
277,Dirk Nowitzki\nowitdi01,31,DAL,NBA,2009-10
278,Chris Paul\paulch01,24,NOH,NBA,2009-10
279,Paul Pierce\piercpa01,32,BOS,NBA,2009-10
280,Zach Randolph\randoza01,28,MEM,NBA,2009-10
281,Rajon Rondo\rondora01,23,BOS,NBA,2009-10
282,Derrick Rose\rosede01,21,CHI,NBA,2009-10
283,Brandon Roy\roybr01,25,POR,NBA,2009-10
284,Amar'e Stoudemire\stoudam01,27,PHO,NBA,2009-10
285,Dwyane Wade\wadedw01,28,MIA,NBA,2009-10
286,Gerald Wallace\wallage01,27,CHA,NBA,2009-10
287,Deron Williams\willide01,25,UTA,NBA,2009-10
288,Ray Allen\allenra02,33,BOS,NBA,2008-09
289,Chauncey Billups\billuch01,32,TOT,NBA,2008-09
290,Chris Bosh\boshch01,24,TOR,NBA,2008-09
291,Kobe Bryant\bryanko01,30,LAL,NBA,2008-09
292,Tim Duncan\duncati01,32,SAS,NBA,2008-09
293,Kevin Garnett\garneke01,32,BOS,NBA,2008-09
294,Pau Gasol\gasolpa01,28,LAL,NBA,2008-09
295,Danny Granger\grangda01,25,IND,NBA,2008-09
296,Devin Harris\harride01,25,NJN,NBA,2008-09
297,Dwight Howard\howardw01,23,ORL,NBA,2008-09
298,Allen Iverson\iversal01,33,TOT,NBA,2008-09
299,LeBron James\jamesle01,24,CLE,NBA,2008-09
300,Joe Johnson\johnsjo02,27,ATL,NBA,2008-09
301,Rashard Lewis\lewisra02,29,ORL,NBA,2008-09
302,Yao Ming\mingya01,28,HOU,NBA,2008-09
303,Jameer Nelson\nelsoja01,26,ORL,NBA,2008-09
304,Dirk Nowitzki\nowitdi01,30,DAL,NBA,2008-09
305,Shaquille O'Neal\onealsh01,36,PHO,NBA,2008-09
306,Tony Parker\parketo01,26,SAS,NBA,2008-09
307,Chris Paul\paulch01,23,NOH,NBA,2008-09
308,Paul Pierce\piercpa01,31,BOS,NBA,2008-09
309,Brandon Roy\roybr01,24,POR,NBA,2008-09
310,Amar'e Stoudemire\stoudam01,26,PHO,NBA,2008-09
311,Dwyane Wade\wadedw01,27,MIA,NBA,2008-09
312,David West\westda01,28,NOH,NBA,2008-09
313,Mo Williams\willima01,26,CLE,NBA,2008-09
314,Ray Allen\allenra02,32,BOS,NBA,2007-08
315,Carmelo Anthony\anthoca01,23,DEN,NBA,2007-08
316,Chauncey Billups\billuch01,31,DET,NBA,2007-08
317,Carlos Boozer\boozeca01,26,UTA,NBA,2007-08
318,Chris Bosh\boshch01,23,TOR,NBA,2007-08
319,Kobe Bryant\bryanko01,29,LAL,NBA,2007-08
320,Caron Butler\butleca01,27,WAS,NBA,2007-08
321,Tim Duncan\duncati01,31,SAS,NBA,2007-08
322,Kevin Garnett\garneke01,31,BOS,NBA,2007-08
323,Richard Hamilton\hamilri01,29,DET,NBA,2007-08
324,Dwight Howard\howardw01,22,ORL,NBA,2007-08
325,Allen Iverson\iversal01,32,DEN,NBA,2007-08
326,LeBron James\jamesle01,23,CLE,NBA,2007-08
327,Antawn Jamison\jamisan01,31,WAS,NBA,2007-08
328,Joe Johnson\johnsjo02,26,ATL,NBA,2007-08
329,Jason Kidd\kiddja01,34,TOT,NBA,2007-08
330,Yao Ming\mingya01,27,HOU,NBA,2007-08
331,Steve Nash\nashst01,33,PHO,NBA,2007-08
332,Dirk Nowitzki\nowitdi01,29,DAL,NBA,2007-08
333,Chris Paul\paulch01,22,NOH,NBA,2007-08
334,Paul Pierce\piercpa01,30,BOS,NBA,2007-08
335,Brandon Roy\roybr01,23,POR,NBA,2007-08
336,Amar'e Stoudemire\stoudam01,25,PHO,NBA,2007-08
337,Dwyane Wade\wadedw01,26,MIA,NBA,2007-08
338,Rasheed Wallace\wallara01,33,DET,NBA,2007-08
339,David West\westda01,27,NOH,NBA,2007-08
340,Ray Allen\allenra02,31,SEA,NBA,2006-07
341,Carmelo Anthony\anthoca01,22,DEN,NBA,2006-07
342,Gilbert Arenas\arenagi01,25,WAS,NBA,2006-07
343,Chauncey Billups\billuch01,30,DET,NBA,2006-07
344,Carlos Boozer\boozeca01,25,UTA,NBA,2006-07
345,Chris Bosh\boshch01,22,TOR,NBA,2006-07
346,Kobe Bryant\bryanko01,28,LAL,NBA,2006-07
347,Caron Butler\butleca01,26,WAS,NBA,2006-07
348,Vince Carter\cartevi01,30,NJN,NBA,2006-07
349,Tim Duncan\duncati01,30,SAS,NBA,2006-07
350,Kevin Garnett\garneke01,30,MIN,NBA,2006-07
351,Richard Hamilton\hamilri01,28,DET,NBA,2006-07
352,Dwight Howard\howardw01,21,ORL,NBA,2006-07
353,Josh Howard\howarjo01,26,DAL,NBA,2006-07
354,Allen Iverson\iversal01,31,TOT,NBA,2006-07
355,LeBron James\jamesle01,22,CLE,NBA,2006-07
356,Joe Johnson\johnsjo02,25,ATL,NBA,2006-07
357,Jason Kidd\kiddja01,33,NJN,NBA,2006-07
358,Shawn Marion\mariosh01,28,PHO,NBA,2006-07
359,Tracy McGrady\mcgratr01,27,HOU,NBA,2006-07
360,Yao Ming\mingya01,26,HOU,NBA,2006-07
361,Steve Nash\nashst01,32,PHO,NBA,2006-07
362,Dirk Nowitzki\nowitdi01,28,DAL,NBA,2006-07
363,Jermaine O'Neal\onealje01,28,IND,NBA,2006-07
364,Shaquille O'Neal\onealsh01,34,MIA,NBA,2006-07
365,Mehmet Okur\okurme01,27,UTA,NBA,2006-07
366,Tony Parker\parketo01,24,SAS,NBA,2006-07
367,Amar'e Stoudemire\stoudam01,24,PHO,NBA,2006-07
368,Dwyane Wade\wadedw01,25,MIA,NBA,2006-07
369,Ray Allen\allenra02,30,SEA,NBA,2005-06
370,Gilbert Arenas\arenagi01,24,WAS,NBA,2005-06
371,Chauncey Billups\billuch01,29,DET,NBA,2005-06
372,Chris Bosh\boshch01,21,TOR,NBA,2005-06
373,Elton Brand\brandel01,26,LAC,NBA,2005-06
374,Kobe Bryant\bryanko01,27,LAL,NBA,2005-06
375,Vince Carter\cartevi01,29,NJN,NBA,2005-06
376,Tim Duncan\duncati01,29,SAS,NBA,2005-06
377,Kevin Garnett\garneke01,29,MIN,NBA,2005-06
378,Pau Gasol\gasolpa01,25,MEM,NBA,2005-06
379,Richard Hamilton\hamilri01,27,DET,NBA,2005-06
380,Allen Iverson\iversal01,30,PHI,NBA,2005-06
381,LeBron James\jamesle01,21,CLE,NBA,2005-06
382,Shawn Marion\mariosh01,27,PHO,NBA,2005-06
383,Tracy McGrady\mcgratr01,26,HOU,NBA,2005-06
384,Yao Ming\mingya01,25,HOU,NBA,2005-06
385,Steve Nash\nashst01,31,PHO,NBA,2005-06
386,Dirk Nowitzki\nowitdi01,27,DAL,NBA,2005-06
387,Jermaine O'Neal\onealje01,27,IND,NBA,2005-06
388,Shaquille O'Neal\onealsh01,33,MIA,NBA,2005-06
389,Tony Parker\parketo01,23,SAS,NBA,2005-06
390,Paul Pierce\piercpa01,28,BOS,NBA,2005-06
391,Dwyane Wade\wadedw01,24,MIA,NBA,2005-06
392,Ben Wallace\wallabe01,31,DET,NBA,2005-06
393,Rasheed Wallace\wallara01,31,DET,NBA,2005-06
394,Ray Allen\allenra02,29,SEA,NBA,2004-05
395,Gilbert Arenas\arenagi01,23,WAS,NBA,2004-05
396,Kobe Bryant\bryanko01,26,LAL,NBA,2004-05
397,Vince Carter\cartevi01,28,TOT,NBA,2004-05
398,Tim Duncan\duncati01,28,SAS,NBA,2004-05
399,Kevin Garnett\garneke01,28,MIN,NBA,2004-05
400,Manu Ginóbili\ginobma01,27,SAS,NBA,2004-05
401,Grant Hill\hillgr01,32,ORL,NBA,2004-05
402,Zydrunas Ilgauskas\ilgauzy01,29,CLE,NBA,2004-05
403,Allen Iverson\iversal01,29,PHI,NBA,2004-05
404,LeBron James\jamesle01,20,CLE,NBA,2004-05
405,Antawn Jamison\jamisan01,28,WAS,NBA,2004-05
406,Rashard Lewis\lewisra02,25,SEA,NBA,2004-05
407,Shawn Marion\mariosh01,26,PHO,NBA,2004-05
408,Tracy McGrady\mcgratr01,25,HOU,NBA,2004-05
409,Yao Ming\mingya01,24,HOU,NBA,2004-05
410,Steve Nash\nashst01,30,PHO,NBA,2004-05
411,Dirk Nowitzki\nowitdi01,26,DAL,NBA,2004-05
412,Jermaine O'Neal\onealje01,26,IND,NBA,2004-05
413,Shaquille O'Neal\onealsh01,32,MIA,NBA,2004-05
414,Paul Pierce\piercpa01,27,BOS,NBA,2004-05
415,Amar'e Stoudemire\stoudam01,22,PHO,NBA,2004-05
416,Dwyane Wade\wadedw01,23,MIA,NBA,2004-05
417,Ben Wallace\wallabe01,30,DET,NBA,2004-05
418,Ray Allen\allenra02,28,SEA,NBA,2003-04
419,Kobe Bryant\bryanko01,25,LAL,NBA,2003-04
420,Vince Carter\cartevi01,27,TOR,NBA,2003-04
421,Sam Cassell\cassesa01,34,MIN,NBA,2003-04
422,Baron Davis\davisba01,24,NOH,NBA,2003-04
423,Tim Duncan\duncati01,27,SAS,NBA,2003-04
424,Steve Francis\francst01,26,HOU,NBA,2003-04
425,Kevin Garnett\garneke01,27,MIN,NBA,2003-04
426,Allen Iverson\iversal01,28,PHI,NBA,2003-04
427,Jason Kidd\kiddja01,30,NJN,NBA,2003-04
428,Andrei Kirilenko\kirilan01,22,UTA,NBA,2003-04
429,Jamaal Magloire\magloja01,25,NOH,NBA,2003-04
430,Kenyon Martin\martike01,26,NJN,NBA,2003-04
431,Tracy McGrady\mcgratr01,24,ORL,NBA,2003-04
432,Brad Miller\millebr01,27,SAC,NBA,2003-04
433,Yao Ming\mingya01,23,HOU,NBA,2003-04
434,Dirk Nowitzki\nowitdi01,25,DAL,NBA,2003-04
435,Jermaine O'Neal\onealje01,25,IND,NBA,2003-04
436,Shaquille O'Neal\onealsh01,31,LAL,NBA,2003-04
437,Paul Pierce\piercpa01,26,BOS,NBA,2003-04
438,Michael Redd\reddmi01,24,MIL,NBA,2003-04
439,Peja Stojaković\stojape01,26,SAC,NBA,2003-04
440,Ben Wallace\wallabe01,29,DET,NBA,2003-04
441,Metta World Peace\artesro01,24,IND,NBA,2003-04
442,Kobe Bryant\bryanko01,24,LAL,NBA,2002-03
443,Vince Carter\cartevi01,26,TOR,NBA,2002-03
444,Tim Duncan\duncati01,26,SAS,NBA,2002-03
445,Steve Francis\francst01,25,HOU,NBA,2002-03
446,Kevin Garnett\garneke01,26,MIN,NBA,2002-03
447,Zydrunas Ilgauskas\ilgauzy01,27,CLE,NBA,2002-03
448,Allen Iverson\iversal01,27,PHI,NBA,2002-03
449,Michael Jordan\jordami01,39,WAS,NBA,2002-03
450,Jason Kidd\kiddja01,29,NJN,NBA,2002-03
451,Stephon Marbury\marbust01,25,PHO,NBA,2002-03
452,Shawn Marion\mariosh01,24,PHO,NBA,2002-03
453,Jamal Mashburn\mashbja01,30,NOH,NBA,2002-03
454,Tracy McGrady\mcgratr01,23,ORL,NBA,2002-03
455,Brad Miller\millebr01,26,IND,NBA,2002-03
456,Yao Ming\mingya01,22,HOU,NBA,2002-03
457,Steve Nash\nashst01,28,DAL,NBA,2002-03
458,Dirk Nowitzki\nowitdi01,24,DAL,NBA,2002-03
459,Jermaine O'Neal\onealje01,24,IND,NBA,2002-03
460,Shaquille O'Neal\onealsh01,30,LAL,NBA,2002-03
461,Gary Payton\paytoga01,34,TOT,NBA,2002-03
462,Paul Pierce\piercpa01,25,BOS,NBA,2002-03
463,Peja Stojaković\stojape01,25,SAC,NBA,2002-03
464,Antoine Walker\walkean02,26,BOS,NBA,2002-03
465,Ben Wallace\wallabe01,28,DET,NBA,2002-03
466,Chris Webber\webbech01,29,SAC,NBA,2002-03
467,Shareef Abdur-Rahim\abdursh01,25,ATL,NBA,2001-02
468,Ray Allen\allenra02,26,MIL,NBA,2001-02
469,Elton Brand\brandel01,22,LAC,NBA,2001-02
470,Kobe Bryant\bryanko01,23,LAL,NBA,2001-02
471,Vince Carter\cartevi01,25,TOR,NBA,2001-02
472,Baron Davis\davisba01,22,CHH,NBA,2001-02
473,Tim Duncan\duncati01,25,SAS,NBA,2001-02
474,Steve Francis\francst01,24,HOU,NBA,2001-02
475,Kevin Garnett\garneke01,25,MIN,NBA,2001-02
476,Allen Iverson\iversal01,26,PHI,NBA,2001-02
477,Michael Jordan\jordami01,38,WAS,NBA,2001-02
478,Jason Kidd\kiddja01,28,NJN,NBA,2001-02
479,Karl Malone\malonka01,38,UTA,NBA,2001-02
480,Tracy McGrady\mcgratr01,22,ORL,NBA,2001-02
481,Alonzo Mourning\mournal01,31,MIA,NBA,2001-02
482,Dikembe Mutombo\mutomdi01,35,PHI,NBA,2001-02
483,Steve Nash\nashst01,27,DAL,NBA,2001-02
484,Dirk Nowitzki\nowitdi01,23,DAL,NBA,2001-02
485,Jermaine O'Neal\onealje01,23,IND,NBA,2001-02
486,Shaquille O'Neal\onealsh01,29,LAL,NBA,2001-02
487,Gary Payton\paytoga01,33,SEA,NBA,2001-02
488,Paul Pierce\piercpa01,24,BOS,NBA,2001-02
489,Peja Stojaković\stojape01,24,SAC,NBA,2001-02
490,Wally Szczerbiak\szczewa02,24,MIN,NBA,2001-02
491,Antoine Walker\walkean02,25,BOS,NBA,2001-02
492,Chris Webber\webbech01,28,SAC,NBA,2001-02
493,Ray Allen\allenra02,25,MIL,NBA,2000-01
494,Kobe Bryant\bryanko01,22,LAL,NBA,2000-01
495,Vince Carter\cartevi01,24,TOR,NBA,2000-01
496,Antonio Davis\davisan01,32,TOR,NBA,2000-01
497,Vlade Divac\divacvl01,32,SAC,NBA,2000-01
498,Tim Duncan\duncati01,24,SAS,NBA,2000-01
499,Michael Finley\finlemi01,27,DAL,NBA,2000-01
500,Kevin Garnett\garneke01,24,MIN,NBA,2000-01
501,Grant Hill\hillgr01,28,ORL,NBA,2000-01
502,Allan Houston\houstal01,29,NYK,NBA,2000-01
503,Allen Iverson\iversal01,25,PHI,NBA,2000-01
504,Jason Kidd\kiddja01,27,PHO,NBA,2000-01
505,Karl Malone\malonka01,37,UTA,NBA,2000-01
506,Stephon Marbury\marbust01,23,NJN,NBA,2000-01
507,Anthony Mason\masonan01,34,MIA,NBA,2000-01
508,Antonio McDyess\mcdyean01,26,DEN,NBA,2000-01
509,Tracy McGrady\mcgratr01,21,ORL,NBA,2000-01
510,Alonzo Mourning\mournal01,30,MIA,NBA,2000-01
511,Dikembe Mutombo\mutomdi01,34,TOT,NBA,2000-01
512,Shaquille O'Neal\onealsh01,28,LAL,NBA,2000-01
513,Gary Payton\paytoga01,32,SEA,NBA,2000-01
514,Theo Ratliff\ratlith01,27,PHI,NBA,2000-01
515,David Robinson\robinda01,35,SAS,NBA,2000-01
516,Glenn Robinson\robingl01,28,MIL,NBA,2000-01
517,Latrell Sprewell\sprewla01,30,NYK,NBA,2000-01
518,Jerry Stackhouse\stackje01,26,DET,NBA,2000-01
519,Rasheed Wallace\wallara01,26,POR,NBA,2000-01
520,Chris Webber\webbech01,27,SAC,NBA,2000-01
521,Ray Allen\allenra02,24,MIL,NBA,1999-00
522,Kobe Bryant\bryanko01,21,LAL,NBA,1999-00
523,Vince Carter\cartevi01,23,TOR,NBA,1999-00
524,Dale Davis\davisda01,30,IND,NBA,1999-00
525,Tim Duncan\duncati01,23,SAS,NBA,1999-00
526,Michael Finley\finlemi01,26,DAL,NBA,1999-00
527,Kevin Garnett\garneke01,23,MIN,NBA,1999-00
528,Grant Hill\hillgr01,27,DET,NBA,1999-00
529,Allan Houston\houstal01,28,NYK,NBA,1999-00
530,Allen Iverson\iversal01,24,PHI,NBA,1999-00
531,Eddie Jones\jonesed02,28,CHH,NBA,1999-00
532,Jason Kidd\kiddja01,26,PHO,NBA,1999-00
533,Karl Malone\malonka01,36,UTA,NBA,1999-00
534,Reggie Miller\millere01,34,IND,NBA,1999-00
535,Alonzo Mourning\mournal01,29,MIA,NBA,1999-00
536,Dikembe Mutombo\mutomdi01,33,ATL,NBA,1999-00
537,Shaquille O'Neal\onealsh01,27,LAL,NBA,1999-00
538,Gary Payton\paytoga01,31,SEA,NBA,1999-00
539,David Robinson\robinda01,34,SAS,NBA,1999-00
540,Glenn Robinson\robingl01,27,MIL,NBA,1999-00
541,Jerry Stackhouse\stackje01,25,DET,NBA,1999-00
542,John Stockton\stockjo01,37,UTA,NBA,1999-00
543,Rasheed Wallace\wallara01,25,POR,NBA,1999-00
544,Chris Webber\webbech01,26,SAC,NBA,1999-00
545,Vin Baker\bakervi01,26,SEA,NBA,1997-98
546,Kobe Bryant\bryanko01,19,LAL,NBA,1997-98
547,Tim Duncan\duncati01,21,SAS,NBA,1997-98
548,Kevin Garnett\garneke01,21,MIN,NBA,1997-98
549,Anfernee Hardaway\hardaan01,26,ORL,NBA,1997-98
550,Tim Hardaway\hardati01,31,MIA,NBA,1997-98
551,Grant Hill\hillgr01,25,DET,NBA,1997-98
552,Eddie Jones\jonesed02,26,LAL,NBA,1997-98
553,Michael Jordan\jordami01,34,CHI,NBA,1997-98
554,Shawn Kemp\kempsh01,28,CLE,NBA,1997-98
555,Jason Kidd\kiddja01,24,PHO,NBA,1997-98
556,Karl Malone\malonka01,34,UTA,NBA,1997-98
557,Reggie Miller\millere01,32,IND,NBA,1997-98
558,Dikembe Mutombo\mutomdi01,31,ATL,NBA,1997-98
559,Shaquille O'Neal\onealsh01,25,LAL,NBA,1997-98
560,Gary Payton\paytoga01,29,SEA,NBA,1997-98
561,Glen Rice\ricegl01,30,CHH,NBA,1997-98
562,Mitch Richmond\richmmi01,32,SAC,NBA,1997-98
563,David Robinson\robinda01,32,SAS,NBA,1997-98
564,Steve Smith\smithst01,28,ATL,NBA,1997-98
565,Rik Smits\smitsri01,31,IND,NBA,1997-98
566,Nick Van Exel\vanexni01,26,LAL,NBA,1997-98
567,Antoine Walker\walkean02,21,BOS,NBA,1997-98
568,Jayson Williams\willija01,29,NJN,NBA,1997-98
569,Vin Baker\bakervi01,25,MIL,NBA,1996-97
570,Charles Barkley\barklch01,33,HOU,NBA,1996-97
571,Terrell Brandon\brandte01,26,CLE,NBA,1996-97
572,Clyde Drexler\drexlcl01,34,HOU,NBA,1996-97
573,Joe Dumars\dumarjo01,33,DET,NBA,1996-97
574,Patrick Ewing\ewingpa01,34,NYK,NBA,1996-97
575,Kevin Garnett\garneke01,20,MIN,NBA,1996-97
576,Chris Gatling\gatlich01,29,TOT,NBA,1996-97
577,Tom Gugliotta\guglito01,27,MIN,NBA,1996-97
578,Anfernee Hardaway\hardaan01,25,ORL,NBA,1996-97
579,Tim Hardaway\hardati01,30,MIA,NBA,1996-97
580,Grant Hill\hillgr01,24,DET,NBA,1996-97
581,Eddie Jones\jonesed02,25,LAL,NBA,1996-97
582,Michael Jordan\jordami01,33,CHI,NBA,1996-97
583,Shawn Kemp\kempsh01,27,SEA,NBA,1996-97
584,Christian Laettner\laettch01,27,ATL,NBA,1996-97
585,Karl Malone\malonka01,33,UTA,NBA,1996-97
586,Alonzo Mourning\mournal01,26,MIA,NBA,1996-97
587,Dikembe Mutombo\mutomdi01,30,ATL,NBA,1996-97
588,Shaquille O'Neal\onealsh01,24,LAL,NBA,1996-97
589,Hakeem Olajuwon\olajuha01,34,HOU,NBA,1996-97
590,Gary Payton\paytoga01,28,SEA,NBA,1996-97
591,Scottie Pippen\pippesc01,31,CHI,NBA,1996-97
592,Glen Rice\ricegl01,29,CHH,NBA,1996-97
593,Mitch Richmond\richmmi01,31,SAC,NBA,1996-97
594,Detlef Schrempf\schrede01,34,SEA,NBA,1996-97
595,Latrell Sprewell\sprewla01,26,GSW,NBA,1996-97
596,John Stockton\stockjo01,34,UTA,NBA,1996-97
597,Chris Webber\webbech01,23,WSB,NBA,1996-97
598,Vin Baker\bakervi01,24,MIL,NBA,1995-96
599,Charles Barkley\barklch01,32,PHO,NBA,1995-96
600,Terrell Brandon\brandte01,25,CLE,NBA,1995-96
601,Clyde Drexler\drexlcl01,33,HOU,NBA,1995-96
602,Sean Elliott\elliose01,27,SAS,NBA,1995-96
603,Patrick Ewing\ewingpa01,33,NYK,NBA,1995-96
604,Anfernee Hardaway\hardaan01,24,ORL,NBA,1995-96
605,Grant Hill\hillgr01,23,DET,NBA,1995-96
606,Juwan Howard\howarju01,22,WSB,NBA,1995-96
607,Michael Jordan\jordami01,32,CHI,NBA,1995-96
608,Shawn Kemp\kempsh01,26,SEA,NBA,1995-96
609,Jason Kidd\kiddja01,22,DAL,NBA,1995-96
610,Karl Malone\malonka01,32,UTA,NBA,1995-96
611,Reggie Miller\millere01,30,IND,NBA,1995-96
612,Alonzo Mourning\mournal01,25,MIA,NBA,1995-96
613,Dikembe Mutombo\mutomdi01,29,DEN,NBA,1995-96
614,Shaquille O'Neal\onealsh01,23,ORL,NBA,1995-96
615,Hakeem Olajuwon\olajuha01,33,HOU,NBA,1995-96
616,Gary Payton\paytoga01,27,SEA,NBA,1995-96
617,Scottie Pippen\pippesc01,30,CHI,NBA,1995-96
618,Glen Rice\ricegl01,28,CHH,NBA,1995-96
619,Mitch Richmond\richmmi01,30,SAC,NBA,1995-96
620,David Robinson\robinda01,30,SAS,NBA,1995-96
621,John Stockton\stockjo01,33,UTA,NBA,1995-96
622,Vin Baker\bakervi01,23,MIL,NBA,1994-95
623,Charles Barkley\barklch01,31,PHO,NBA,1994-95
624,Dana Barros\barroda01,27,PHI,NBA,1994-95
625,Cedric Ceballos\cebalce01,25,LAL,NBA,1994-95
626,Joe Dumars\dumarjo01,31,DET,NBA,1994-95
627,Patrick Ewing\ewingpa01,32,NYK,NBA,1994-95
628,Anfernee Hardaway\hardaan01,23,ORL,NBA,1994-95
629,Grant Hill\hillgr01,22,DET,NBA,1994-95
630,Tyrone Hill\hillty01,26,CLE,NBA,1994-95
631,Larry Johnson\johnsla02,25,CHH,NBA,1994-95
632,Shawn Kemp\kempsh01,25,SEA,NBA,1994-95
633,Dan Majerle\majerda01,29,PHO,NBA,1994-95
634,Karl Malone\malonka01,31,UTA,NBA,1994-95
635,Reggie Miller\millere01,29,IND,NBA,1994-95
636,Alonzo Mourning\mournal01,24,CHH,NBA,1994-95
637,Dikembe Mutombo\mutomdi01,28,DEN,NBA,1994-95
638,Shaquille O'Neal\onealsh01,22,ORL,NBA,1994-95
639,Hakeem Olajuwon\olajuha01,32,HOU,NBA,1994-95
640,Gary Payton\paytoga01,26,SEA,NBA,1994-95
641,Scottie Pippen\pippesc01,29,CHI,NBA,1994-95
642,Mitch Richmond\richmmi01,29,SAC,NBA,1994-95
643,David Robinson\robinda01,29,SAS,NBA,1994-95
644,Detlef Schrempf\schrede01,32,SEA,NBA,1994-95
645,Latrell Sprewell\sprewla01,24,GSW,NBA,1994-95
646,John Stockton\stockjo01,32,UTA,NBA,1994-95
647,Kenny Anderson\anderke01,23,NJN,NBA,1993-94
648,B.J. Armstrong\armstbj01,26,CHI,NBA,1993-94
649,Charles Barkley\barklch01,30,PHO,NBA,1993-94
650,Mookie Blaylock\blaylmo01,26,ATL,NBA,1993-94
651,Derrick Coleman\colemde01,26,NJN,NBA,1993-94
652,Clyde Drexler\drexlcl01,31,POR,NBA,1993-94
653,Patrick Ewing\ewingpa01,31,NYK,NBA,1993-94
654,Horace Grant\grantho01,28,CHI,NBA,1993-94
655,Kevin Johnson\johnske02,27,PHO,NBA,1993-94
656,Shawn Kemp\kempsh01,24,SEA,NBA,1993-94
657,Karl Malone\malonka01,30,UTA,NBA,1993-94
658,Danny Manning\mannida01,27,TOT,NBA,1993-94
659,Alonzo Mourning\mournal01,23,CHH,NBA,1993-94
660,Shaquille O'Neal\onealsh01,21,ORL,NBA,1993-94
661,Charles Oakley\oaklech01,30,NYK,NBA,1993-94
662,Hakeem Olajuwon\olajuha01,31,HOU,NBA,1993-94
663,Gary Payton\paytoga01,25,SEA,NBA,1993-94
664,Scottie Pippen\pippesc01,28,CHI,NBA,1993-94
665,Mark Price\pricema01,29,CLE,NBA,1993-94
666,Mitch Richmond\richmmi01,28,SAC,NBA,1993-94
667,Clifford Robinson\robincl02,27,POR,NBA,1993-94
668,David Robinson\robinda01,28,SAS,NBA,1993-94
669,Latrell Sprewell\sprewla01,23,GSW,NBA,1993-94
670,John Starks\starkjo01,28,NYK,NBA,1993-94
671,John Stockton\stockjo01,31,UTA,NBA,1993-94
672,Dominique Wilkins\wilkido01,34,TOT,NBA,1993-94
673,Charles Barkley\barklch01,29,PHO,NBA,1992-93
674,Brad Daugherty\daughbr01,27,CLE,NBA,1992-93
675,Clyde Drexler\drexlcl01,30,POR,NBA,1992-93
676,Joe Dumars\dumarjo01,29,DET,NBA,1992-93
677,Sean Elliott\elliose01,24,SAS,NBA,1992-93
678,Patrick Ewing\ewingpa01,30,NYK,NBA,1992-93
679,Tim Hardaway\hardati01,26,GSW,NBA,1992-93
680,Larry Johnson\johnsla02,23,CHH,NBA,1992-93
681,Michael Jordan\jordami01,29,CHI,NBA,1992-93
682,Shawn Kemp\kempsh01,23,SEA,NBA,1992-93
683,Dan Majerle\majerda01,27,PHO,NBA,1992-93
684,Karl Malone\malonka01,29,UTA,NBA,1992-93
685,Danny Manning\mannida01,26,LAC,NBA,1992-93
686,Chris Mullin\mullich01,29,GSW,NBA,1992-93
687,Larry Nance\nancela01,33,CLE,NBA,1992-93
688,Shaquille O'Neal\onealsh01,20,ORL,NBA,1992-93
689,Hakeem Olajuwon\olajuha01,30,HOU,NBA,1992-93
690,Scottie Pippen\pippesc01,27,CHI,NBA,1992-93
691,Terry Porter\portete01,29,POR,NBA,1992-93
692,Mark Price\pricema01,28,CLE,NBA,1992-93
693,Mitch Richmond\richmmi01,27,SAC,NBA,1992-93
694,David Robinson\robinda01,27,SAS,NBA,1992-93
695,Detlef Schrempf\schrede01,30,IND,NBA,1992-93
696,John Stockton\stockjo01,30,UTA,NBA,1992-93
697,Isiah Thomas\thomais01,31,DET,NBA,1992-93
698,Dominique Wilkins\wilkido01,33,ATL,NBA,1992-93
699,Michael Adams\adamsmi01,29,WSB,NBA,1991-92
700,Charles Barkley\barklch01,28,PHI,NBA,1991-92
701,Larry Bird\birdla01,35,BOS,NBA,1991-92
702,Brad Daugherty\daughbr01,26,CLE,NBA,1991-92
703,Clyde Drexler\drexlcl01,29,POR,NBA,1991-92
704,Joe Dumars\dumarjo01,28,DET,NBA,1991-92
705,Patrick Ewing\ewingpa01,29,NYK,NBA,1991-92
706,Tim Hardaway\hardati01,25,GSW,NBA,1991-92
707,Jeff Hornacek\hornaje01,28,PHO,NBA,1991-92
708,Michael Jordan\jordami01,28,CHI,NBA,1991-92
709,Reggie Lewis\lewisre01,26,BOS,NBA,1991-92
710,Dan Majerle\majerda01,26,PHO,NBA,1991-92
711,Karl Malone\malonka01,28,UTA,NBA,1991-92
712,Chris Mullin\mullich01,28,GSW,NBA,1991-92
713,Dikembe Mutombo\mutomdi01,25,DEN,NBA,1991-92
714,Hakeem Olajuwon\olajuha01,29,HOU,NBA,1991-92
715,Scottie Pippen\pippesc01,26,CHI,NBA,1991-92
716,Mark Price\pricema01,27,CLE,NBA,1991-92
717,David Robinson\robinda01,26,SAS,NBA,1991-92
718,Dennis Rodman\rodmade01,30,DET,NBA,1991-92
719,John Stockton\stockjo01,29,UTA,NBA,1991-92
720,Isiah Thomas\thomais01,30,DET,NBA,1991-92
721,Otis Thorpe\thorpot01,29,HOU,NBA,1991-92
722,Dominique Wilkins\wilkido01,32,ATL,NBA,1991-92
723,Kevin Willis\willike02,29,ATL,NBA,1991-92
724,James Worthy\worthja01,30,LAL,NBA,1991-92
725,Charles Barkley\barklch01,27,PHI,NBA,1990-91
726,Larry Bird\birdla01,34,BOS,NBA,1990-91
727,Tom Chambers\chambto01,31,PHO,NBA,1990-91
728,Brad Daugherty\daughbr01,25,CLE,NBA,1990-91
729,Clyde Drexler\drexlcl01,28,POR,NBA,1990-91
730,Kevin Duckworth\duckwke01,26,POR,NBA,1990-91
731,Joe Dumars\dumarjo01,27,DET,NBA,1990-91
732,Patrick Ewing\ewingpa01,28,NYK,NBA,1990-91
733,Tim Hardaway\hardati01,24,GSW,NBA,1990-91
734,Hersey Hawkins\hawkihe01,24,PHI,NBA,1990-91
735,Kevin Johnson\johnske02,24,PHO,NBA,1990-91
736,Magic Johnson\johnsma02,31,LAL,NBA,1990-91
737,Michael Jordan\jordami01,27,CHI,NBA,1990-91
738,Bernard King\kingbe01,34,WSB,NBA,1990-91
739,Karl Malone\malonka01,27,UTA,NBA,1990-91
740,Kevin McHale\mchalke01,33,BOS,NBA,1990-91
741,Chris Mullin\mullich01,27,GSW,NBA,1990-91
742,Robert Parish\parisro01,37,BOS,NBA,1990-91
743,Ricky Pierce\piercri01,31,TOT,NBA,1990-91
744,Terry Porter\portete01,27,POR,NBA,1990-91
745,Alvin Robertson\roberal01,28,MIL,NBA,1990-91
746,David Robinson\robinda01,25,SAS,NBA,1990-91
747,John Stockton\stockjo01,28,UTA,NBA,1990-91
748,Isiah Thomas\thomais01,29,DET,NBA,1990-91
749,Dominique Wilkins\wilkido01,31,ATL,NBA,1990-91
750,James Worthy\worthja01,29,LAL,NBA,1990-91